{
  "invoice": [
    {
      "invoiceid": "IN6403036803",
      "amount": "25000",
      "billto": "Louise Coffee Ekamai",
      "duedate": "15/Aug/2022",
      "overdue": "false",
      "status": "Unpaid",
      "ponumber": "726876",
      "deliverydate": "10/Aug/2022",
      "products": [
        {
          "name": "Tajima WagyuStriploin MB4/5 x 3 steaks +Free Cod Fish",
          "qty": "3",
          "amount": "15000"
        },
        {
          "name": "Japanese Miyazaki Wagyu A4 Striploin x 1 steak",
          "qty": "2",
          "amount": "7000"
        },
        {
          "name": "WHITE CHOCOLATE COUVERTURE - IVANA (2 KGX10 BAG)",
          "qty": "6",
          "amount": "3000"
        }
      ]
    },
    {
      "invoiceid": "IN6403036813",
      "amount": "25000",
      "billto": "Louise Coffee Ekamai",
      "duedate": "1/Sep/2022",
      "overdue": "false",
      "status": "Cancelled",
      "ponumber": "726876",
      "deliverydate": "10/Aug/2022",
      "products": [
        {
          "name": "Tajima WagyuStriploin MB4/5 x 3 steaks +Free Cod Fish",
          "qty": "3",
          "amount": "15000"
        },
        {
          "name": "Japanese Miyazaki Wagyu A4 Striploin x 1 steak",
          "qty": "2",
          "amount": "7000"
        },
        {
          "name": "WHITE CHOCOLATE COUVERTURE - IVANA (2 KGX10 BAG)",
          "qty": "6",
          "amount": "3000"
        }
      ]
    },
    {
      "invoiceid": "IN6403036807",
      "amount": "25000",
      "billto": "Louise Coffee Ekamai",
      "duedate": "15/Sep/2022",
      "overdue": "false",
      "status": "Paid",
      "ponumber": "726876",
      "deliverydate": "10/Aug/2022",
      "products": [
        {
          "name": "Tajima WagyuStriploin MB4/5 x 3 steaks +Free Cod Fish",
          "qty": "3",
          "amount": "15000"
        },
        {
          "name": "Japanese Miyazaki Wagyu A4 Striploin x 1 steak",
          "qty": "2",
          "amount": "7000"
        },
        {
          "name": "WHITE CHOCOLATE COUVERTURE - IVANA (2 KGX10 BAG)",
          "qty": "6",
          "amount": "3000"
        }
      ]
    },
    {
      "invoiceid": "IN6403036999",
      "amount": "25000",
      "billto": "Louise Coffee Ekamai",
      "duedate": "29/Oct/2022",
      "overdue": "true",
      "status": "Unpaid",
      "ponumber": "726876",
      "deliverydate": "10/Aug/2022",
      "products": [
        {
          "name": "asdasdsa Cod Fish",
          "qty": "3",
          "amount": "15000"
        },
        {
          "name": "Japanese Miyasdsasteak",
          "qty": "2",
          "amount": "7000"
        },
        {
          "name": "WHITasdsaANA (2 KGX10 BAG)",
          "qty": "6",
          "amount": "3000"
        }
      ]
    }
  ]
}
