{
    "futureOrder": [
        {
            "orderData": [
                {
                    "name": "Millenium Hilton Bangkok#3",
                    "address": "1425, Building A Chan Kasem, Chatuchak, Bangkok 10900",
                    "count" : "3",
                    "remainingData": [
                        { "ordervalue": "JGTON511", "povalue": "PO878273489" },
                        { "ordervalue": "JGTON521", "povalue": "PO878273423" },
                        { "ordervalue": "JGTON534", "povalue": "PO878278589" }
                    ],
                    "link": "/myorder/future/Bangkok#1"
                }
            ]
        },
        {
            "orderData": [
                {
                    "name": "Millenium Hilton Bangkok#4",
                    "address": "1425, Building A Chan Kasem, Chatuchak, Bangkok 10900",
                    "count" : "4",
                    "remainingData": [
                        { "ordervalue": "JGTON556", "povalue": "PO878273489" },
                        { "ordervalue": "JGTON512", "povalue": "PO878273423" },
                        { "ordervalue": "JGTON594", "povalue": "PO878338589" },
                        { "ordervalue": "JGTON534", "povalue": "PO878278589" }
                    ],
                    "link": "/myorder/future/Bangkok#2"
                }
            ]
        }
    ]
}