{
    "todayOrder": [
        {
            "orderData": [
                {
                    "name": "Millenium Hilton Bangkok#1",
                    "address": "1425, Building A Chan Kasem, Chatuchak, Bangkok 10900",
                    "count" : "2",
                    "remainingData": [
                        { "ordervalue": "JGTON512", "povalue": "PO878273489",
                            "summary": [
                                { "orderno": "JGTON512", "pono": "PO878273489", "status": "paid", "total": "32,415.86", "date": "15/10/2021", "deliver": "Millenium Hiltion Bangkok#1", "shipping": "1425, Building A Chan Kasem, Chatuchak, Bangkok 10900"}
                            ]
                        },
                        { "ordervalue": "JGTON553", "povalue": "PO878273423",
                            "summary": [
                                { "orderno": "JGTON553", "pono": "PO878273423", "status": "paid", "total": "32,415.86", "date": "15/10/2021", "deliver": "Millenium Hiltion Bangkok#1", "shipping": "1425, Building A Chan Kasem, Chatuchak, Bangkok 10900"}
                            ]
                        }
                    ],
                    "link": "/myorder/today/Bangkok#1"
                }
            ]
        },
        {
            "orderData": [
                {
                    "name": "Millenium Hilton Bangkok#2",
                    "address": "1425, Building A Chan Kasem, Chatuchak, Bangkok 10900",
                    "count" : "3",
                    "remainingData": [
                        { "ordervalue": "JGTON592", "povalue": "PO878273489",
                            "summary": [
                                { "orderno": "JGTON592", "pono": "PO878273489", "status": "paid", "total": "32,415.86", "date": "15/10/2021", "deliver": "Millenium Hiltion Bangkok#1", "shipping": "1425, Building A Chan Kasem, Chatuchak, Bangkok 10900"}
                            ]
                        },
                        { "ordervalue": "JGTON593", "povalue": "PO878273423",
                            "summary": [
                                { "orderno": "JGTON593", "pono": "PO878273489", "status": "paid", "total": "32,415.86", "date": "15/10/2021", "deliver": "Millenium Hiltion Bangkok#1", "shipping": "1425, Building A Chan Kasem, Chatuchak, Bangkok 10900"}
                            ]
                        },
                        { "ordervalue": "JGTON594", "povalue": "PO878278589",
                            "summary": [
                                { "orderno": "JGTON594", "pono": "PO878273489", "status": "paid", "total": "32,415.86", "date": "15/10/2021", "deliver": "Millenium Hiltion Bangkok#1", "shipping": "1425, Building A Chan Kasem, Chatuchak, Bangkok 10900"}
                            ]
                        }
                    ],
                    "link": "/myorder/today/Bangkok#2"
                }
            ]
        },
        {
            "orderData": [
                {
                    "name": "Millenium Hilton Bangkok#2",
                    "address": "1425, Building A Chan Kasem, Chatuchak, Bangkok 10900",
                    "count" : "3",
                    "remainingData": [
                        { "ordervalue": "JGTON562", "povalue": "PO878274582",
                            "summary": [
                                { "orderno": "JGTON562", "pono": "PO878274582", "status": "paid", "total": "32,415.86", "date": "15/10/2021", "deliver": "Millenium Hiltion Bangkok#1", "shipping": "1425, Building A Chan Kasem, Chatuchak, Bangkok 10900"}
                            ]
                        },
                        { "ordervalue": "JGTON123", "povalue": "PO878245555",
                            "summary": [
                                { "orderno": "JGTON123", "pono": "PO878245555", "status": "paid", "total": "32,415.86", "date": "15/10/2021", "deliver": "Millenium Hiltion Bangkok#1", "shipping": "1425, Building A Chan Kasem, Chatuchak, Bangkok 10900"}
                            ]
                        },
                        { "ordervalue": "JGTON345", "povalue": "PO878278742",
                            "summary": [
                                { "orderno": "JGTON345", "pono": "PO878278742", "status": "paid", "total": "32,415.86", "date": "15/10/2021", "deliver": "Millenium Hiltion Bangkok#1", "shipping": "1425, Building A Chan Kasem, Chatuchak, Bangkok 10900"}
                            ]
                        }
                    ],
                    "link": "/myorder/today/Bangkok#2"
                }
            ]
        }
    ]
}