{
    "pcardData": [
        { "image":  "Card_img1", "delvieryColor": "green", "primary": "Meats", "secondary": "Beefs"},
        { "image":  "Card_img1", "delvieryColor": "green", "primary": "Meats", "secondary": "Pork"},
        { "image":  "Card_img1", "delvieryColor": "green", "primary": "Meats", "secondary": "Lamb"},
        { "image":  "Card_img1", "delvieryColor": "green", "primary": "Meats", "secondary": "Chicken"},
        { "image":  "Card_img1", "delvieryColor": "green", "primary": "Meats", "secondary": "Duck"},
        { "image":  "Card_img1", "delvieryColor": "green", "primary": "Meats", "secondary": "Sausage"},
        { "image":  "Card_img1", "delvieryColor": "green", "primary": "SeaFood", "secondary": "sf1"},
        { "image":  "Card_img1", "delvieryColor": "green", "primary": "SeaFood", "secondary": "sf2"},
        { "image":  "Card_img1", "delvieryColor": "green", "primary": "SeaFood", "secondary": "sf3"},
        { "image":  "Card_img1", "delvieryColor": "green", "primary": "SeaFood", "secondary": "sf4"},
        { "image":  "Card_img1", "delvieryColor": "green", "primary": "SeaFood", "secondary": "sf5"},
        { "image":  "Card_img1", "delvieryColor": "green", "primary": "SeaFood", "secondary": "sf6"},
        { "image":  "Card_img1", "delvieryColor": "green", "primary": "Fruits&Veg", "secondary": "fv1"},
        { "image":  "Card_img1", "delvieryColor": "green", "primary": "Fruits&Veg", "secondary": "fv2"},
        { "image":  "Card_img1", "delvieryColor": "green", "primary": "Fruits&Veg", "secondary": "fv3"},
        { "image":  "Card_img1", "delvieryColor": "green", "primary": "Fruits&Veg", "secondary": "fv4"},
        { "image":  "Card_img1", "delvieryColor": "green", "primary": "Fruits&Veg", "secondary": "fv5"},
        { "image":  "Card_img1", "delvieryColor": "green", "primary": "Fruits&Veg", "secondary": "fv6"},
        { "image":  "Card_img1", "delvieryColor": "green", "primary": "Dairy", "secondary": "d1"},
        { "image":  "Card_img1", "delvieryColor": "green", "primary": "Dairy", "secondary": "d2"},
        { "image":  "Card_img1", "delvieryColor": "green", "primary": "Dairy", "secondary": "d3"},
        { "image":  "Card_img1", "delvieryColor": "green", "primary": "Dairy", "secondary": "d4"},
        { "image":  "Card_img1", "delvieryColor": "green", "primary": "Dairy", "secondary": "d5"},
        { "image":  "Card_img1", "delvieryColor": "green", "primary": "Dairy", "secondary": "d6"},
        { "image":  "Card_img1", "delvieryColor": "green", "primary": "Pasta", "secondary": "p1"},
        { "image":  "Card_img1", "delvieryColor": "green", "primary": "Pasta", "secondary": "p2"},
        { "image":  "Card_img1", "delvieryColor": "green", "primary": "Pasta", "secondary": "p3"},
        { "image":  "Card_img1", "delvieryColor": "green", "primary": "Pasta", "secondary": "p4"},
        { "image":  "Card_img1", "delvieryColor": "green", "primary": "Pasta", "secondary": "p5"},
        { "image":  "Card_img1", "delvieryColor": "green", "primary": "Pasta", "secondary": "p6"},
        { "image":  "Card_img1", "delvieryColor": "green", "primary": "Western Gourmney", "secondary": "wg1"},
        { "image":  "Card_img1", "delvieryColor": "green", "primary": "Western Gourmney", "secondary": "wg2"},
        { "image":  "Card_img1", "delvieryColor": "green", "primary": "Western Gourmney", "secondary": "wg3"},
        { "image":  "Card_img1", "delvieryColor": "green", "primary": "Western Gourmney", "secondary": "wg4"},
        { "image":  "Card_img1", "delvieryColor": "green", "primary": "Western Gourmney", "secondary": "wg5"},
        { "image":  "Card_img1", "delvieryColor": "green", "primary": "Western Gourmney", "secondary": "wg6"}
    ]
}